video,visit_id,ts,count,direction,observable,confidence,note
01_liaz6213_tyumen_doors_open.webm,1,,0,out,yes,high,"Реальных проходов нет — весь визит на отсев ложных срабатываний"
02_maz206_tyumen_arrival.webm,1,,0,in,yes,high,"Ролик кончается до посадки"
03_marshrutka_tyumen_crowd.webm,1,,0,out,no,medium,"Дверь на дальней от камеры стороне — посадка физически не видна с этого ракурса"
04_kaohsiung_mrt_platform.ogv,1,35.0,1,out,yes,medium,"Первый распознаваемый выходящий — женщина в бежевой кепке, кадр проверен визуально"
04_kaohsiung_mrt_platform.ogv,1,,11,out,yes,low,"Остальные выходят единой плотной группой 35.5-41.0 с — на кадре t=37.5-39.5 одновременно 5-6 силуэтов, индивидуальные метки времени на глаз ненадёжны. Число из исходного truth.csv (12 всего), покадрово не переподтверждено"
05_maz203_spb_handheld.mp4,1,7.0,1,out,yes,high,"Ребёнок в синей куртке"
05_maz203_spb_handheld.mp4,1,9.0,1,out,yes,high,"Женщина с красным пакетом"
09_tomaszow_solaris_boarding.ogv,1,3.1,1,in,yes,high,"Пассажир с детской коляской заходит в заднюю дверь; кадры 1.6-4.4 с проверены покадрово"
09_tomaszow_solaris_boarding.ogv,1,,0,out,yes,high,"Выходящих нет: двое в начале (0.0-1.5 с) и человек в 14.4-17.0 с проходят вдоль борта мимо дверей, не садясь"
